question,answer
What are you?,"Hello! I am XYZ here to help you with soyabean related queries."
Who are you?,"Hello! I am XYZ here to help you with soyabean related queries."
Can you help me?,"Ask me questions for your soyabean related queries and I will try to help you."
I need your help?,"Ask me questions for your soyabean related queries and I will try to help you."
What soybean varieties have the longest seed shelf life?,"Soybean varieties such as JS 93-05, JS 95-60, JS 335, JS 80-21, NRC 2, NRC 37, Punjab 1, and Kalitur have been developed with high seed longevity."
Which types of soybean seeds last the longest?,"Soybean varieties such as JS 93-05, JS 95-60, JS 335, JS 80-21, NRC 2, NRC 37, Punjab 1, and Kalitur have been developed with high seed longevity."
Which soybean seeds are known for their high longevity?,"Soybean varieties such as JS 93-05, JS 95-60, JS 335, JS 80-21, NRC 2, NRC 37, Punjab 1, and Kalitur have been developed with high seed longevity."
Which varieties of soybean have seeds that stay viable the longest?,"Soybean varieties such as JS 93-05, JS 95-60, JS 335, JS 80-21, NRC 2, NRC 37, Punjab 1, and Kalitur have been developed with high seed longevity."
What are the best soybean varieties for long-term seed storage?,"Soybean varieties such as JS 93-05, JS 95-60, JS 335, JS 80-21, NRC 2, NRC 37, Punjab 1, and Kalitur have been developed with high seed longevity."
Which soybean seeds retain viability for extended periods?,"Soybean varieties such as JS 93-05, JS 95-60, JS 335, JS 80-21, NRC 2, NRC 37, Punjab 1, and Kalitur have been developed with high seed longevity."
Which soybean varieties have the highest seed longevity?,"Soybean varieties such as JS 93-05, JS 95-60, JS 335, JS 80-21, NRC 2, NRC 37, Punjab 1, and Kalitur have been developed with high seed longevity."
Which soybean seed types can be stored the longest?,"Soybean varieties such as JS 93-05, JS 95-60, JS 335, JS 80-21, NRC 2, NRC 37, Punjab 1, and Kalitur have been developed with high seed longevity."
What are the most durable soybean seeds for long-term storage?,"Soybean varieties such as JS 93-05, JS 95-60, JS 335, JS 80-21, NRC 2, NRC 37, Punjab 1, and Kalitur have been developed with high seed longevity."
Which soybean seeds have the greatest longevity?,"Soybean varieties such as JS 93-05, JS 95-60, JS 335, JS 80-21, NRC 2, NRC 37, Punjab 1, and Kalitur have been developed with high seed longevity."
Can you list soybean varieties with high seed longevity?,"Soybean varieties such as JS 93-05, JS 95-60, JS 335, JS 80-21, NRC 2, NRC 37, Punjab 1, and Kalitur have been developed with high seed longevity."
Which soybean seeds remain viable for the longest time?,"Soybean varieties such as JS 93-05, JS 95-60, JS 335, JS 80-21, NRC 2, NRC 37, Punjab 1, and Kalitur have been developed with high seed longevity."
What are some soybean varieties with high seed storage longevity?,"Soybean varieties such as JS 93-05, JS 95-60, JS 335, JS 80-21, NRC 2, NRC 37, Punjab 1, and Kalitur have been developed with high seed longevity."
Which soybean seeds are best for prolonged storage?,"Soybean varieties such as JS 93-05, JS 95-60, JS 335, JS 80-21, NRC 2, NRC 37, Punjab 1, and Kalitur have been developed with high seed longevity."
Which soybean varieties have a long seed shelf life?,"Soybean varieties such as JS 93-05, JS 95-60, JS 335, JS 80-21, NRC 2, NRC 37, Punjab 1, and Kalitur have been developed with high seed longevity."
Which soybean seeds are known for their long-lasting viability?,"Soybean varieties such as JS 93-05, JS 95-60, JS 335, JS 80-21, NRC 2, NRC 37, Punjab 1, and Kalitur have been developed with high seed longevity."
What soybean varieties maintain their seed viability the longest?,"Soybean varieties such as JS 93-05, JS 95-60, JS 335, JS 80-21, NRC 2, NRC 37, Punjab 1, and Kalitur have been developed with high seed longevity."
Which soybean varieties' seeds stay viable for extended periods?,"Soybean varieties such as JS 93-05, JS 95-60, JS 335, JS 80-21, NRC 2, NRC 37, Punjab 1, and Kalitur have been developed with high seed longevity."
Which types of soybean seeds have extended shelf lives?,"Soybean varieties such as JS 93-05, JS 95-60, JS 335, JS 80-21, NRC 2, NRC 37, Punjab 1, and Kalitur have been developed with high seed longevity."
Which soybean varieties are best for long-term seed viability?,"Soybean varieties such as JS 93-05, JS 95-60, JS 335, JS 80-21, NRC 2, NRC 37, Punjab 1, and Kalitur have been developed with high seed longevity."
What soybean varieties are best for mechanical harvesting?,"Soybean varieties like MACS 58, NRC 37, Type 49, Durga, and Punjab 1 have been developed for mechanical harvesting, featuring a high insertion point of the lowest pod."
Which soybean types are ideal for machine harvesting?,"Soybean varieties like MACS 58, NRC 37, Type 49, Durga, and Punjab 1 have been developed for mechanical harvesting, featuring a high insertion point of the lowest pod."
Can you list soybean varieties suitable for mechanical harvesting?,"Soybean varieties like MACS 58, NRC 37, Type 49, Durga, and Punjab 1 have been developed for mechanical harvesting, featuring a high insertion point of the lowest pod."
Which varieties of soybean can be harvested mechanically?,"Soybean varieties like MACS 58, NRC 37, Type 49, Durga, and Punjab 1 have been developed for mechanical harvesting, featuring a high insertion point of the lowest pod."
What are the best soybeans for mechanical harvesting?,"Soybean varieties like MACS 58, NRC 37, Type 49, Durga, and Punjab 1 have been developed for mechanical harvesting, featuring a high insertion point of the lowest pod."
Which soybeans are developed for mechanical harvesting?,"Soybean varieties like MACS 58, NRC 37, Type 49, Durga, and Punjab 1 have been developed for mechanical harvesting, featuring a high insertion point of the lowest pod."
Which types of soybeans are fit for mechanical harvesting?,"Soybean varieties like MACS 58, NRC 37, Type 49, Durga, and Punjab 1 have been developed for mechanical harvesting, featuring a high insertion point of the lowest pod."
What soybean varieties are suitable for harvesting with machines?,"Soybean varieties like MACS 58, NRC 37, Type 49, Durga, and Punjab 1 have been developed for mechanical harvesting, featuring a high insertion point of the lowest pod."
Which soybean varieties are designed for mechanical harvesting?,"Soybean varieties like MACS 58, NRC 37, Type 49, Durga, and Punjab 1 have been developed for mechanical harvesting, featuring a high insertion point of the lowest pod."
Which soybeans are suitable for being harvested by machines?,"Soybean varieties like MACS 58, NRC 37, Type 49, Durga, and Punjab 1 have been developed for mechanical harvesting, featuring a high insertion point of the lowest pod."
What are some soybean varieties that can be mechanically harvested?,"Soybean varieties like MACS 58, NRC 37, Type 49, Durga, and Punjab 1 have been developed for mechanical harvesting, featuring a high insertion point of the lowest pod."
Which soybean breeds are appropriate for mechanical harvesting?,"Soybean varieties like MACS 58, NRC 37, Type 49, Durga, and Punjab 1 have been developed for mechanical harvesting, featuring a high insertion point of the lowest pod."
Can you name soybeans that are good for mechanical harvesting?,"Soybean varieties like MACS 58, NRC 37, Type 49, Durga, and Punjab 1 have been developed for mechanical harvesting, featuring a high insertion point of the lowest pod."
Which soybeans are most compatible with mechanical harvesting?,"Soybean varieties like MACS 58, NRC 37, Type 49, Durga, and Punjab 1 have been developed for mechanical harvesting, featuring a high insertion point of the lowest pod."
What are the top soybean varieties for machine harvesting?,"Soybean varieties like MACS 58, NRC 37, Type 49, Durga, and Punjab 1 have been developed for mechanical harvesting, featuring a high insertion point of the lowest pod."
Which soybeans have been developed for efficient mechanical harvesting?,"Soybean varieties like MACS 58, NRC 37, Type 49, Durga, and Punjab 1 have been developed for mechanical harvesting, featuring a high insertion point of the lowest pod."
Which varieties are optimal for mechanical soybean harvesting?,"Soybean varieties like MACS 58, NRC 37, Type 49, Durga, and Punjab 1 have been developed for mechanical harvesting, featuring a high insertion point of the lowest pod."
What types of soybeans are best for harvesting with machinery?,"Soybean varieties like MACS 58, NRC 37, Type 49, Durga, and Punjab 1 have been developed for mechanical harvesting, featuring a high insertion point of the lowest pod."
Which soybeans are recommended for mechanical harvesting?,"Soybean varieties like MACS 58, NRC 37, Type 49, Durga, and Punjab 1 have been developed for mechanical harvesting, featuring a high insertion point of the lowest pod."
Which soybean cultivars are suitable for mechanical harvesting?,"Soybean varieties like MACS 58, NRC 37, Type 49, Durga, and Punjab 1 have been developed for mechanical harvesting, featuring a high insertion point of the lowest pod."
Which soybean varieties have pods that grow higher off the ground?,"Varieties like MACS 58, NRC 37, Type 49, Durga, and Punjab 1 have been developed with a high insertion point of the lowest pod, making them suitable for mechanical harvesting."
What soybean types grow with the lowest pod positioned higher from the soil?,"Varieties like MACS 58, NRC 37, Type 49, Durga, and Punjab 1 have been developed with a high insertion point of the lowest pod, making them suitable for mechanical harvesting."
Which varieties of soybeans have their lowest pods situated higher above the ground?,"Varieties like MACS 58, NRC 37, Type 49, Durga, and Punjab 1 have been developed with a high insertion point of the lowest pod, making them suitable for mechanical harvesting."
Which soybean plants develop pods higher up from the land?,"Varieties like MACS 58, NRC 37, Type 49, Durga, and Punjab 1 have been developed with a high insertion point of the lowest pod, making them suitable for mechanical harvesting."
What are the soybean varieties with higher ground clearance for the lowest pod?,"Varieties like MACS 58, NRC 37, Type 49, Durga, and Punjab 1 have been developed with a high insertion point of the lowest pod, making them suitable for mechanical harvesting."
Which soybean cultivars have a higher lowest pod placement from the ground?,"Varieties like MACS 58, NRC 37, Type 49, Durga, and Punjab 1 have been developed with a high insertion point of the lowest pod, making them suitable for mechanical harvesting."
Which soybean types feature pods that grow higher above the soil level?,"Varieties like MACS 58, NRC 37, Type 49, Durga, and Punjab 1 have been developed with a high insertion point of the lowest pod, making them suitable for mechanical harvesting."
What soybean varieties grow with the lowest pod positioned well above the earth?,"Varieties like MACS 58, NRC 37, Type 49, Durga, and Punjab 1 have been developed with a high insertion point of the lowest pod, making them suitable for mechanical harvesting."
Which varieties have soybeans with their lowest pods growing at a greater height from the ground?,"Varieties like MACS 58, NRC 37, Type 49, Durga, and Punjab 1 have been developed with a high insertion point of the lowest pod, making them suitable for mechanical harvesting."
Which soybean plants have the lowest pods growing higher from the soil surface?,"Varieties like MACS 58, NRC 37, Type 49, Durga, and Punjab 1 have been developed with a high insertion point of the lowest pod, making them suitable for mechanical harvesting."
Which soybean varieties are known for having a high ground clearance of the lowest pod?,"Varieties like MACS 58, NRC 37, Type 49, Durga, and Punjab 1 have been developed with a high insertion point of the lowest pod, making them suitable for mechanical harvesting."
What soybean types have the lowest pods growing at a higher elevation from the ground?,"Varieties like MACS 58, NRC 37, Type 49, Durga, and Punjab 1 have been developed with a high insertion point of the lowest pod, making them suitable for mechanical harvesting."
Which soybean breeds have their lowest pods positioned at a higher point from the land?,"Varieties like MACS 58, NRC 37, Type 49, Durga, and Punjab 1 have been developed with a high insertion point of the lowest pod, making them suitable for mechanical harvesting."
Which soybean varieties grow with the lowest pods situated further from the soil?,"Varieties like MACS 58, NRC 37, Type 49, Durga, and Punjab 1 have been developed with a high insertion point of the lowest pod, making them suitable for mechanical harvesting."
What are the soybeans that have their lowest pods growing higher above ground level?,"Varieties like MACS 58, NRC 37, Type 49, Durga, and Punjab 1 have been developed with a high insertion point of the lowest pod, making them suitable for mechanical harvesting."
Which varieties of soybeans have the lowest pods growing at a higher distance from the ground?,"Varieties like MACS 58, NRC 37, Type 49, Durga, and Punjab 1 have been developed with a high insertion point of the lowest pod, making them suitable for mechanical harvesting."
Which soybean plants feature pods that grow at a higher level from the soil?,"Varieties like MACS 58, NRC 37, Type 49, Durga, and Punjab 1 have been developed with a high insertion point of the lowest pod, making them suitable for mechanical harvesting."
What soybean varieties have the lowest pods growing well above the ground?,"Varieties like MACS 58, NRC 37, Type 49, Durga, and Punjab 1 have been developed with a high insertion point of the lowest pod, making them suitable for mechanical harvesting."
Which soybean types have a higher position of the lowest pod from the land?,"Varieties like MACS 58, NRC 37, Type 49, Durga, and Punjab 1 have been developed with a high insertion point of the lowest pod, making them suitable for mechanical harvesting."
Which soybean cultivars are developed with pods growing higher off the soil?,"Varieties like MACS 58, NRC 37, Type 49, Durga, and Punjab 1 have been developed with a high insertion point of the lowest pod, making them suitable for mechanical harvesting."
What soybean varieties are resistant to rust?,"Soybean varieties like PS 1024, PS 1029, Indira Soya 9, MAUS 61, and MAUS 61-2 are recommended for their rust tolerance."
Which soybean types are rust tolerant?,"Soybean varieties like PS 1024, PS 1029, Indira Soya 9, MAUS 61, and MAUS 61-2 are recommended for their rust tolerance."
Can you list soybean varieties that are rust tolerant?,"Soybean varieties like PS 1024, PS 1029, Indira Soya 9, MAUS 61, and MAUS 61-2 are recommended for their rust tolerance."
Which soybean varieties are best for rust resistance?,"Soybean varieties like PS 1024, PS 1029, Indira Soya 9, MAUS 61, and MAUS 61-2 are recommended for their rust tolerance."
What types of soybeans are known for rust tolerance?,"Soybean varieties like PS 1024, PS 1029, Indira Soya 9, MAUS 61, and MAUS 61-2 are recommended for their rust tolerance."
Which soybean cultivars are rust resistant?,"Soybean varieties like PS 1024, PS 1029, Indira Soya 9, MAUS 61, and MAUS 61-2 are recommended for their rust tolerance."
Which soybean varieties are effective against rust?,"Soybean varieties like PS 1024, PS 1029, Indira Soya 9, MAUS 61, and MAUS 61-2 are recommended for their rust tolerance."
What are the best soybean varieties for rust resistance?,"Soybean varieties like PS 1024, PS 1029, Indira Soya 9, MAUS 61, and MAUS 61-2 are recommended for their rust tolerance."
Which soybean varieties have high rust tolerance?,"Soybean varieties like PS 1024, PS 1029, Indira Soya 9, MAUS 61, and MAUS 61-2 are recommended for their rust tolerance."
Can you name some rust-tolerant soybean varieties?,"Soybean varieties like PS 1024, PS 1029, Indira Soya 9, MAUS 61, and MAUS 61-2 are recommended for their rust tolerance."
What soybean varieties offer the best protection against rust?,"Soybean varieties like PS 1024, PS 1029, Indira Soya 9, MAUS 61, and MAUS 61-2 are recommended for their rust tolerance."
Which soybean strains are known for rust resistance?,"Soybean varieties like PS 1024, PS 1029, Indira Soya 9, MAUS 61, and MAUS 61-2 are recommended for their rust tolerance."
Which soybean varieties are developed to be rust resistant?,"Soybean varieties like PS 1024, PS 1029, Indira Soya 9, MAUS 61, and MAUS 61-2 are recommended for their rust tolerance."
What are the most rust-tolerant soybean varieties?,"Soybean varieties like PS 1024, PS 1029, Indira Soya 9, MAUS 61, and MAUS 61-2 are recommended for their rust tolerance."
Which soybean breeds are effective against rust?,"Soybean varieties like PS 1024, PS 1029, Indira Soya 9, MAUS 61, and MAUS 61-2 are recommended for their rust tolerance."
Which soybean types are best for managing rust?,"Soybean varieties like PS 1024, PS 1029, Indira Soya 9, MAUS 61, and MAUS 61-2 are recommended for their rust tolerance."
What soybean varieties have been bred for rust tolerance?,"Soybean varieties like PS 1024, PS 1029, Indira Soya 9, MAUS 61, and MAUS 61-2 are recommended for their rust tolerance."
Which soybean varieties are recognized for their rust tolerance?,"Soybean varieties like PS 1024, PS 1029, Indira Soya 9, MAUS 61, and MAUS 61-2 are recommended for their rust tolerance."
Can you provide examples of soybean varieties that are rust tolerant?,"Soybean varieties like PS 1024, PS 1029, Indira Soya 9, MAUS 61, and MAUS 61-2 are recommended for their rust tolerance."
Which soybean varieties show the best resistance to rust?,"Soybean varieties like PS 1024, PS 1029, Indira Soya 9, MAUS 61, and MAUS 61-2 are recommended for their rust tolerance."
How many soybean varieties have been released for cultivation?,"A total of 44 soybean varieties have been released for cultivation. The list of these varieties includes JS 20-116, JS 20-94, KDS 726, AMS 1001, Him Soya, VL Soya 89, Birsa Safed Soya-2, JS 20-98, MAUS-612, NRC 127, CG Soya 1, Basara, KDS 758, Raj Soya -18 (Pragya), RVS 2002-4, PS-1480 (Pant Soya-21), PS-1523 (Pant Soya-23), PS-1477 (Pant Soya-24), JS 20-69, MACS 1281, JS 20-34, NRC-86, KDS 344 (Phule Agrani), SL 958, JS 20-29, RVS 2001-4, DSb - 21, MAUS - 162, MACS 1188, PS 1368, MAUS 158, VL Soya-65, PS-1225, JS 97-52, JS 95-60, RKS 18, RAUS 5, Phule Kalyani, JS 93-05, MAUS-71, NRC-7, Hara Soya, JS 335, and Birsa Soybean -1. The earliest variety in this list is Birsa Soybean -1, released in 1983, and the most recent varieties are JS 20-116, JS 20-94, KDS 726, AMS 1001, Him Soya, VL Soya 89, and Birsa Safed Soya-2, all of which were released in 2019."
What is the number of soybean varieties released for cultivation?,"A total of 44 soybean varieties have been released for cultivation. The list of these varieties includes JS 20-116, JS 20-94, KDS 726, AMS 1001, Him Soya, VL Soya 89, Birsa Safed Soya-2, JS 20-98, MAUS-612, NRC 127, CG Soya 1, Basara, KDS 758, Raj Soya -18 (Pragya), RVS 2002-4, PS-1480 (Pant Soya-21), PS-1523 (Pant Soya-23), PS-1477 (Pant Soya-24), JS 20-69, MACS 1281, JS 20-34, NRC-86, KDS 344 (Phule Agrani), SL 958, JS 20-29, RVS 2001-4, DSb - 21, MAUS - 162, MACS 1188, PS 1368, MAUS 158, VL Soya-65, PS-1225, JS 97-52, JS 95-60, RKS 18, RAUS 5, Phule Kalyani, JS 93-05, MAUS-71, NRC-7, Hara Soya, JS 335, and Birsa Soybean -1. The earliest variety in this list is Birsa Soybean -1, released in 1983, and the most recent varieties are JS 20-116, JS 20-94, KDS 726, AMS 1001, Him Soya, VL Soya 89, and Birsa Safed Soya-2, all of which were released in 2019."
How many soybean varieties are available for cultivation?,"A total of 44 soybean varieties have been released for cultivation. The list of these varieties includes JS 20-116, JS 20-94, KDS 726, AMS 1001, Him Soya, VL Soya 89, Birsa Safed Soya-2, JS 20-98, MAUS-612, NRC 127, CG Soya 1, Basara, KDS 758, Raj Soya -18 (Pragya), RVS 2002-4, PS-1480 (Pant Soya-21), PS-1523 (Pant Soya-23), PS-1477 (Pant Soya-24), JS 20-69, MACS 1281, JS 20-34, NRC-86, KDS 344 (Phule Agrani), SL 958, JS 20-29, RVS 2001-4, DSb - 21, MAUS - 162, MACS 1188, PS 1368, MAUS 158, VL Soya-65, PS-1225, JS 97-52, JS 95-60, RKS 18, RAUS 5, Phule Kalyani, JS 93-05, MAUS-71, NRC-7, Hara Soya, JS 335, and Birsa Soybean -1. The earliest variety in this list is Birsa Soybean -1, released in 1983, and the most recent varieties are JS 20-116, JS 20-94, KDS 726, AMS 1001, Him Soya, VL Soya 89, and Birsa Safed Soya-2, all of which were released in 2019."
How many different soybean varieties have been released?,"A total of 44 soybean varieties have been released for cultivation. The list of these varieties includes JS 20-116, JS 20-94, KDS 726, AMS 1001, Him Soya, VL Soya 89, Birsa Safed Soya-2, JS 20-98, MAUS-612, NRC 127, CG Soya 1, Basara, KDS 758, Raj Soya -18 (Pragya), RVS 2002-4, PS-1480 (Pant Soya-21), PS-1523 (Pant Soya-23), PS-1477 (Pant Soya-24), JS 20-69, MACS 1281, JS 20-34, NRC-86, KDS 344 (Phule Agrani), SL 958, JS 20-29, RVS 2001-4, DSb - 21, MAUS - 162, MACS 1188, PS 1368, MAUS 158, VL Soya-65, PS-1225, JS 97-52, JS 95-60, RKS 18, RAUS 5, Phule Kalyani, JS 93-05, MAUS-71, NRC-7, Hara Soya, JS 335, and Birsa Soybean -1. The earliest variety in this list is Birsa Soybean -1, released in 1983, and the most recent varieties are JS 20-116, JS 20-94, KDS 726, AMS 1001, Him Soya, VL Soya 89, and Birsa Safed Soya-2, all of which were released in 2019."
What is the total number of soybean varieties released for farming?,"A total of 44 soybean varieties have been released for cultivation. The list of these varieties includes JS 20-116, JS 20-94, KDS 726, AMS 1001, Him Soya, VL Soya 89, Birsa Safed Soya-2, JS 20-98, MAUS-612, NRC 127, CG Soya 1, Basara, KDS 758, Raj Soya -18 (Pragya), RVS 2002-4, PS-1480 (Pant Soya-21), PS-1523 (Pant Soya-23), PS-1477 (Pant Soya-24), JS 20-69, MACS 1281, JS 20-34, NRC-86, KDS 344 (Phule Agrani), SL 958, JS 20-29, RVS 2001-4, DSb - 21, MAUS - 162, MACS 1188, PS 1368, MAUS 158, VL Soya-65, PS-1225, JS 97-52, JS 95-60, RKS 18, RAUS 5, Phule Kalyani, JS 93-05, MAUS-71, NRC-7, Hara Soya, JS 335, and Birsa Soybean -1. The earliest variety in this list is Birsa Soybean -1, released in 1983, and the most recent varieties are JS 20-116, JS 20-94, KDS 726, AMS 1001, Him Soya, VL Soya 89, and Birsa Safed Soya-2, all of which were released in 2019."
How many soybean cultivars are there for cultivation?,"A total of 44 soybean varieties have been released for cultivation. The list of these varieties includes JS 20-116, JS 20-94, KDS 726, AMS 1001, Him Soya, VL Soya 89, Birsa Safed Soya-2, JS 20-98, MAUS-612, NRC 127, CG Soya 1, Basara, KDS 758, Raj Soya -18 (Pragya), RVS 2002-4, PS-1480 (Pant Soya-21), PS-1523 (Pant Soya-23), PS-1477 (Pant Soya-24), JS 20-69, MACS 1281, JS 20-34, NRC-86, KDS 344 (Phule Agrani), SL 958, JS 20-29, RVS 2001-4, DSb - 21, MAUS - 162, MACS 1188, PS 1368, MAUS 158, VL Soya-65, PS-1225, JS 97-52, JS 95-60, RKS 18, RAUS 5, Phule Kalyani, JS 93-05, MAUS-71, NRC-7, Hara Soya, JS 335, and Birsa Soybean -1. The earliest variety in this list is Birsa Soybean -1, released in 1983, and the most recent varieties are JS 20-116, JS 20-94, KDS 726, AMS 1001, Him Soya, VL Soya 89, and Birsa Safed Soya-2, all of which were released in 2019."
Can you tell me how many soybean varieties have been released for farming?,"A total of 44 soybean varieties have been released for cultivation. The list of these varieties includes JS 20-116, JS 20-94, KDS 726, AMS 1001, Him Soya, VL Soya 89, Birsa Safed Soya-2, JS 20-98, MAUS-612, NRC 127, CG Soya 1, Basara, KDS 758, Raj Soya -18 (Pragya), RVS 2002-4, PS-1480 (Pant Soya-21), PS-1523 (Pant Soya-23), PS-1477 (Pant Soya-24), JS 20-69, MACS 1281, JS 20-34, NRC-86, KDS 344 (Phule Agrani), SL 958, JS 20-29, RVS 2001-4, DSb - 21, MAUS - 162, MACS 1188, PS 1368, MAUS 158, VL Soya-65, PS-1225, JS 97-52, JS 95-60, RKS 18, RAUS 5, Phule Kalyani, JS 93-05, MAUS-71, NRC-7, Hara Soya, JS 335, and Birsa Soybean -1. The earliest variety in this list is Birsa Soybean -1, released in 1983, and the most recent varieties are JS 20-116, JS 20-94, KDS 726, AMS 1001, Him Soya, VL Soya 89, and Birsa Safed Soya-2, all of which were released in 2019."
How many soybean varieties are officially available for cultivation?,"A total of 44 soybean varieties have been released for cultivation. The list of these varieties includes JS 20-116, JS 20-94, KDS 726, AMS 1001, Him Soya, VL Soya 89, Birsa Safed Soya-2, JS 20-98, MAUS-612, NRC 127, CG Soya 1, Basara, KDS 758, Raj Soya -18 (Pragya), RVS 2002-4, PS-1480 (Pant Soya-21), PS-1523 (Pant Soya-23), PS-1477 (Pant Soya-24), JS 20-69, MACS 1281, JS 20-34, NRC-86, KDS 344 (Phule Agrani), SL 958, JS 20-29, RVS 2001-4, DSb - 21, MAUS - 162, MACS 1188, PS 1368, MAUS 158, VL Soya-65, PS-1225, JS 97-52, JS 95-60, RKS 18, RAUS 5, Phule Kalyani, JS 93-05, MAUS-71, NRC-7, Hara Soya, JS 335, and Birsa Soybean -1. The earliest variety in this list is Birsa Soybean -1, released in 1983, and the most recent varieties are JS 20-116, JS 20-94, KDS 726, AMS 1001, Him Soya, VL Soya 89, and Birsa Safed Soya-2, all of which were released in 2019."
What is the count of soybean varieties released for cultivation?,"A total of 44 soybean varieties have been released for cultivation. The list of these varieties includes JS 20-116, JS 20-94, KDS 726, AMS 1001, Him Soya, VL Soya 89, Birsa Safed Soya-2, JS 20-98, MAUS-612, NRC 127, CG Soya 1, Basara, KDS 758, Raj Soya -18 (Pragya), RVS 2002-4, PS-1480 (Pant Soya-21), PS-1523 (Pant Soya-23), PS-1477 (Pant Soya-24), JS 20-69, MACS 1281, JS 20-34, NRC-86, KDS 344 (Phule Agrani), SL 958, JS 20-29, RVS 2001-4, DSb - 21, MAUS - 162, MACS 1188, PS 1368, MAUS 158, VL Soya-65, PS-1225, JS 97-52, JS 95-60, RKS 18, RAUS 5, Phule Kalyani, JS 93-05, MAUS-71, NRC-7, Hara Soya, JS 335, and Birsa Soybean -1. The earliest variety in this list is Birsa Soybean -1, released in 1983, and the most recent varieties are JS 20-116, JS 20-94, KDS 726, AMS 1001, Him Soya, VL Soya 89, and Birsa Safed Soya-2, all of which were released in 2019."
How many soybean varieties have been made available for cultivation?,"A total of 44 soybean varieties have been released for cultivation. The list of these varieties includes JS 20-116, JS 20-94, KDS 726, AMS 1001, Him Soya, VL Soya 89, Birsa Safed Soya-2, JS 20-98, MAUS-612, NRC 127, CG Soya 1, Basara, KDS 758, Raj Soya -18 (Pragya), RVS 2002-4, PS-1480 (Pant Soya-21), PS-1523 (Pant Soya-23), PS-1477 (Pant Soya-24), JS 20-69, MACS 1281, JS 20-34, NRC-86, KDS 344 (Phule Agrani), SL 958, JS 20-29, RVS 2001-4, DSb - 21, MAUS - 162, MACS 1188, PS 1368, MAUS 158, VL Soya-65, PS-1225, JS 97-52, JS 95-60, RKS 18, RAUS 5, Phule Kalyani, JS 93-05, MAUS-71, NRC-7, Hara Soya, JS 335, and Birsa Soybean -1. The earliest variety in this list is Birsa Soybean -1, released in 1983, and the most recent varieties are JS 20-116, JS 20-94, KDS 726, AMS 1001, Him Soya, VL Soya 89, and Birsa Safed Soya-2, all of which were released in 2019."
How many soybean varieties have been introduced for cultivation?,"A total of 44 soybean varieties have been released for cultivation. The list of these varieties includes JS 20-116, JS 20-94, KDS 726, AMS 1001, Him Soya, VL Soya 89, Birsa Safed Soya-2, JS 20-98, MAUS-612, NRC 127, CG Soya 1, Basara, KDS 758, Raj Soya -18 (Pragya), RVS 2002-4, PS-1480 (Pant Soya-21), PS-1523 (Pant Soya-23), PS-1477 (Pant Soya-24), JS 20-69, MACS 1281, JS 20-34, NRC-86, KDS 344 (Phule Agrani), SL 958, JS 20-29, RVS 2001-4, DSb - 21, MAUS - 162, MACS 1188, PS 1368, MAUS 158, VL Soya-65, PS-1225, JS 97-52, JS 95-60, RKS 18, RAUS 5, Phule Kalyani, JS 93-05, MAUS-71, NRC-7, Hara Soya, JS 335, and Birsa Soybean -1. The earliest variety in this list is Birsa Soybean -1, released in 1983, and the most recent varieties are JS 20-116, JS 20-94, KDS 726, AMS 1001, Him Soya, VL Soya 89, and Birsa Safed Soya-2, all of which were released in 2019."
What is the current number of soybean varieties released for cultivation?,"A total of 44 soybean varieties have been released for cultivation. The list of these varieties includes JS 20-116, JS 20-94, KDS 726, AMS 1001, Him Soya, VL Soya 89, Birsa Safed Soya-2, JS 20-98, MAUS-612, NRC 127, CG Soya 1, Basara, KDS 758, Raj Soya -18 (Pragya), RVS 2002-4, PS-1480 (Pant Soya-21), PS-1523 (Pant Soya-23), PS-1477 (Pant Soya-24), JS 20-69, MACS 1281, JS 20-34, NRC-86, KDS 344 (Phule Agrani), SL 958, JS 20-29, RVS 2001-4, DSb - 21, MAUS - 162, MACS 1188, PS 1368, MAUS 158, VL Soya-65, PS-1225, JS 97-52, JS 95-60, RKS 18, RAUS 5, Phule Kalyani, JS 93-05, MAUS-71, NRC-7, Hara Soya, JS 335, and Birsa Soybean -1. The earliest variety in this list is Birsa Soybean -1, released in 1983, and the most recent varieties are JS 20-116, JS 20-94, KDS 726, AMS 1001, Him Soya, VL Soya 89, and Birsa Safed Soya-2, all of which were released in 2019."
How many soybean varieties are there for agricultural use?,"A total of 44 soybean varieties have been released for cultivation. The list of these varieties includes JS 20-116, JS 20-94, KDS 726, AMS 1001, Him Soya, VL Soya 89, Birsa Safed Soya-2, JS 20-98, MAUS-612, NRC 127, CG Soya 1, Basara, KDS 758, Raj Soya -18 (Pragya), RVS 2002-4, PS-1480 (Pant Soya-21), PS-1523 (Pant Soya-23), PS-1477 (Pant Soya-24), JS 20-69, MACS 1281, JS 20-34, NRC-86, KDS 344 (Phule Agrani), SL 958, JS 20-29, RVS 2001-4, DSb - 21, MAUS - 162, MACS 1188, PS 1368, MAUS 158, VL Soya-65, PS-1225, JS 97-52, JS 95-60, RKS 18, RAUS 5, Phule Kalyani, JS 93-05, MAUS-71, NRC-7, Hara Soya, JS 335, and Birsa Soybean -1. The earliest variety in this list is Birsa Soybean -1, released in 1983, and the most recent varieties are JS 20-116, JS 20-94, KDS 726, AMS 1001, Him Soya, VL Soya 89, and Birsa Safed Soya-2, all of which were released in 2019."
How many soybean varieties have been approved for cultivation?,"A total of 44 soybean varieties have been released for cultivation. The list of these varieties includes JS 20-116, JS 20-94, KDS 726, AMS 1001, Him Soya, VL Soya 89, Birsa Safed Soya-2, JS 20-98, MAUS-612, NRC 127, CG Soya 1, Basara, KDS 758, Raj Soya -18 (Pragya), RVS 2002-4, PS-1480 (Pant Soya-21), PS-1523 (Pant Soya-23), PS-1477 (Pant Soya-24), JS 20-69, MACS 1281, JS 20-34, NRC-86, KDS 344 (Phule Agrani), SL 958, JS 20-29, RVS 2001-4, DSb - 21, MAUS - 162, MACS 1188, PS 1368, MAUS 158, VL Soya-65, PS-1225, JS 97-52, JS 95-60, RKS 18, RAUS 5, Phule Kalyani, JS 93-05, MAUS-71, NRC-7, Hara Soya, JS 335, and Birsa Soybean -1. The earliest variety in this list is Birsa Soybean -1, released in 1983, and the most recent varieties are JS 20-116, JS 20-94, KDS 726, AMS 1001, Him Soya, VL Soya 89, and Birsa Safed Soya-2, all of which were released in 2019."
What are the soybean varieties released for cultivation?,"A total of 44 soybean varieties have been released for cultivation. The list of these varieties includes JS 20-116, JS 20-94, KDS 726, AMS 1001, Him Soya, VL Soya 89, Birsa Safed Soya-2, JS 20-98, MAUS-612, NRC 127, CG Soya 1, Basara, KDS 758, Raj Soya -18 (Pragya), RVS 2002-4, PS-1480 (Pant Soya-21), PS-1523 (Pant Soya-23), PS-1477 (Pant Soya-24), JS 20-69, MACS 1281, JS 20-34, NRC-86, KDS 344 (Phule Agrani), SL 958, JS 20-29, RVS 2001-4, DSb - 21, MAUS - 162, MACS 1188, PS 1368, MAUS 158, VL Soya-65, PS-1225, JS 97-52, JS 95-60, RKS 18, RAUS 5, Phule Kalyani, JS 93-05, MAUS-71, NRC-7, Hara Soya, JS 335, and Birsa Soybean -1. The earliest variety in this list is Birsa Soybean -1, released in 1983, and the most recent varieties are JS 20-116, JS 20-94, KDS 726, AMS 1001, Him Soya, VL Soya 89, and Birsa Safed Soya-2, all of which were released in 2019."
How many soybean varieties have been released for use in farming?,"A total of 44 soybean varieties have been released for cultivation. The list of these varieties includes JS 20-116, JS 20-94, KDS 726, AMS 1001, Him Soya, VL Soya 89, Birsa Safed Soya-2, JS 20-98, MAUS-612, NRC 127, CG Soya 1, Basara, KDS 758, Raj Soya -18 (Pragya), RVS 2002-4, PS-1480 (Pant Soya-21), PS-1523 (Pant Soya-23), PS-1477 (Pant Soya-24), JS 20-69, MACS 1281, JS 20-34, NRC-86, KDS 344 (Phule Agrani), SL 958, JS 20-29, RVS 2001-4, DSb - 21, MAUS - 162, MACS 1188, PS 1368, MAUS 158, VL Soya-65, PS-1225, JS 97-52, JS 95-60, RKS 18, RAUS 5, Phule Kalyani, JS 93-05, MAUS-71, NRC-7, Hara Soya, JS 335, and Birsa Soybean -1. The earliest variety in this list is Birsa Soybean -1, released in 1983, and the most recent varieties are JS 20-116, JS 20-94, KDS 726, AMS 1001, Him Soya, VL Soya 89, and Birsa Safed Soya-2, all of which were released in 2019."
How many soybean cultivars are available for cultivation?,"A total of 44 soybean varieties have been released for cultivation. The list of these varieties includes JS 20-116, JS 20-94, KDS 726, AMS 1001, Him Soya, VL Soya 89, Birsa Safed Soya-2, JS 20-98, MAUS-612, NRC 127, CG Soya 1, Basara, KDS 758, Raj Soya -18 (Pragya), RVS 2002-4, PS-1480 (Pant Soya-21), PS-1523 (Pant Soya-23), PS-1477 (Pant Soya-24), JS 20-69, MACS 1281, JS 20-34, NRC-86, KDS 344 (Phule Agrani), SL 958, JS 20-29, RVS 2001-4, DSb - 21, MAUS - 162, MACS 1188, PS 1368, MAUS 158, VL Soya-65, PS-1225, JS 97-52, JS 95-60, RKS 18, RAUS 5, Phule Kalyani, JS 93-05, MAUS-71, NRC-7, Hara Soya, JS 335, and Birsa Soybean -1. The earliest variety in this list is Birsa Soybean -1, released in 1983, and the most recent varieties are JS 20-116, JS 20-94, KDS 726, AMS 1001, Him Soya, VL Soya 89, and Birsa Safed Soya-2, all of which were released in 2019."
What is the total count of soybean varieties released for agriculture?,"A total of 44 soybean varieties have been released for cultivation. The list of these varieties includes JS 20-116, JS 20-94, KDS 726, AMS 1001, Him Soya, VL Soya 89, Birsa Safed Soya-2, JS 20-98, MAUS-612, NRC 127, CG Soya 1, Basara, KDS 758, Raj Soya -18 (Pragya), RVS 2002-4, PS-1480 (Pant Soya-21), PS-1523 (Pant Soya-23), PS-1477 (Pant Soya-24), JS 20-69, MACS 1281, JS 20-34, NRC-86, KDS 344 (Phule Agrani), SL 958, JS 20-29, RVS 2001-4, DSb - 21, MAUS - 162, MACS 1188, PS 1368, MAUS 158, VL Soya-65, PS-1225, JS 97-52, JS 95-60, RKS 18, RAUS 5, Phule Kalyani, JS 93-05, MAUS-71, NRC-7, Hara Soya, JS 335, and Birsa Soybean -1. The earliest variety in this list is Birsa Soybean -1, released in 1983, and the most recent varieties are JS 20-116, JS 20-94, KDS 726, AMS 1001, Him Soya, VL Soya 89, and Birsa Safed Soya-2, all of which were released in 2019."
How many soybean varieties are there for current cultivation?,"A total of 44 soybean varieties have been released for cultivation. The list of these varieties includes JS 20-116, JS 20-94, KDS 726, AMS 1001, Him Soya, VL Soya 89, Birsa Safed Soya-2, JS 20-98, MAUS-612, NRC 127, CG Soya 1, Basara, KDS 758, Raj Soya -18 (Pragya), RVS 2002-4, PS-1480 (Pant Soya-21), PS-1523 (Pant Soya-23), PS-1477 (Pant Soya-24), JS 20-69, MACS 1281, JS 20-34, NRC-86, KDS 344 (Phule Agrani), SL 958, JS 20-29, RVS 2001-4, DSb - 21, MAUS - 162, MACS 1188, PS 1368, MAUS 158, VL Soya-65, PS-1225, JS 97-52, JS 95-60, RKS 18, RAUS 5, Phule Kalyani, JS 93-05, MAUS-71, NRC-7, Hara Soya, JS 335, and Birsa Soybean -1. The earliest variety in this list is Birsa Soybean -1, released in 1983, and the most recent varieties are JS 20-116, JS 20-94, KDS 726, AMS 1001, Him Soya, VL Soya 89, and Birsa Safed Soya-2, all of which were released in 2019."
What is the number of soybean varieties available for agricultural purposes?,"A total of 44 soybean varieties have been released for cultivation. The list of these varieties includes JS 20-116, JS 20-94, KDS 726, AMS 1001, Him Soya, VL Soya 89, Birsa Safed Soya-2, JS 20-98, MAUS-612, NRC 127, CG Soya 1, Basara, KDS 758, Raj Soya -18 (Pragya), RVS 2002-4, PS-1480 (Pant Soya-21), PS-1523 (Pant Soya-23), PS-1477 (Pant Soya-24), JS 20-69, MACS 1281, JS 20-34, NRC-86, KDS 344 (Phule Agrani), SL 958, JS 20-29, RVS 2001-4, DSb - 21, MAUS - 162, MACS 1188, PS 1368, MAUS 158, VL Soya-65, PS-1225, JS 97-52, JS 95-60, RKS 18, RAUS 5, Phule Kalyani, JS 93-05, MAUS-71, NRC-7, Hara Soya, JS 335, and Birsa Soybean -1. The earliest variety in this list is Birsa Soybean -1, released in 1983, and the most recent varieties are JS 20-116, JS 20-94, KDS 726, AMS 1001, Him Soya, VL Soya 89, and Birsa Safed Soya-2, all of which were released in 2019."
Which soybean varieties are best for cultivation in Andhra Pradesh?,"The following soybean varieties are suitable for cultivation in Andhra Pradesh: LSb-1, Pratikar (MAUS 61), Pooja (MAUS 2), MACS 450, Pant Soybean 1029, MACS 124, Monetta, and Bragg."
What soybean cultivars are ideal for farming in Andhra Pradesh?,"The following soybean varieties are suitable for cultivation in Andhra Pradesh: LSb-1, Pratikar (MAUS 61), Pooja (MAUS 2), MACS 450, Pant Soybean 1029, MACS 124, Monetta, and Bragg."
Can you recommend soybean varieties for Andhra Pradesh?,"The following soybean varieties are suitable for cultivation in Andhra Pradesh: LSb-1, Pratikar (MAUS 61), Pooja (MAUS 2), MACS 450, Pant Soybean 1029, MACS 124, Monetta, and Bragg."
What types of soybean are suitable for growing in Andhra Pradesh?,"The following soybean varieties are suitable for cultivation in Andhra Pradesh: LSb-1, Pratikar (MAUS 61), Pooja (MAUS 2), MACS 450, Pant Soybean 1029, MACS 124, Monetta, and Bragg."
Which soybean varieties are recommended for Andhra Pradesh climate?,"The following soybean varieties are suitable for cultivation in Andhra Pradesh: LSb-1, Pratikar (MAUS 61), Pooja (MAUS 2), MACS 450, Pant Soybean 1029, MACS 124, Monetta, and Bragg."
What are the best soybean varieties for cultivation in Andhra Pradesh?,"The following soybean varieties are suitable for cultivation in Andhra Pradesh: LSb-1, Pratikar (MAUS 61), Pooja (MAUS 2), MACS 450, Pant Soybean 1029, MACS 124, Monetta, and Bragg."
Which soybean breeds work well in Andhra Pradesh?,"The following soybean varieties are suitable for cultivation in Andhra Pradesh: LSb-1, Pratikar (MAUS 61), Pooja (MAUS 2), MACS 450, Pant Soybean 1029, MACS 124, Monetta, and Bragg."
What soybean varieties should be used for farming in Andhra Pradesh?,"The following soybean varieties are suitable for cultivation in Andhra Pradesh: LSb-1, Pratikar (MAUS 61), Pooja (MAUS 2), MACS 450, Pant Soybean 1029, MACS 124, Monetta, and Bragg."
Which soybean types are effective for cultivation in Andhra Pradesh?,"The following soybean varieties are suitable for cultivation in Andhra Pradesh: LSb-1, Pratikar (MAUS 61), Pooja (MAUS 2), MACS 450, Pant Soybean 1029, MACS 124, Monetta, and Bragg."
What are the top soybean varieties for farmers in Andhra Pradesh?,"The following soybean varieties are suitable for cultivation in Andhra Pradesh: LSb-1, Pratikar (MAUS 61), Pooja (MAUS 2), MACS 450, Pant Soybean 1029, MACS 124, Monetta, and Bragg."
Which soybean strains are recommended for Andhra Pradesh soil and climate?,"The following soybean varieties are suitable for cultivation in Andhra Pradesh: LSb-1, Pratikar (MAUS 61), Pooja (MAUS 2), MACS 450, Pant Soybean 1029, MACS 124, Monetta, and Bragg."
What soybean varieties perform well in Andhra Pradesh?,"The following soybean varieties are suitable for cultivation in Andhra Pradesh: LSb-1, Pratikar (MAUS 61), Pooja (MAUS 2), MACS 450, Pant Soybean 1029, MACS 124, Monetta, and Bragg."
Can you suggest soybean varieties for successful cultivation in Andhra Pradesh?,"The following soybean varieties are suitable for cultivation in Andhra Pradesh: LSb-1, Pratikar (MAUS 61), Pooja (MAUS 2), MACS 450, Pant Soybean 1029, MACS 124, Monetta, and Bragg."
Which soybean varieties are well-suited for agriculture in Andhra Pradesh?,"The following soybean varieties are suitable for cultivation in Andhra Pradesh: LSb-1, Pratikar (MAUS 61), Pooja (MAUS 2), MACS 450, Pant Soybean 1029, MACS 124, Monetta, and Bragg."
What are the best soybean strains for farming in Andhra Pradesh?,"The following soybean varieties are suitable for cultivation in Andhra Pradesh: LSb-1, Pratikar (MAUS 61), Pooja (MAUS 2), MACS 450, Pant Soybean 1029, MACS 124, Monetta, and Bragg."
Which soybean varieties are suitable for the growing conditions in Andhra Pradesh?,"The following soybean varieties are suitable for cultivation in Andhra Pradesh: LSb-1, Pratikar (MAUS 61), Pooja (MAUS 2), MACS 450, Pant Soybean 1029, MACS 124, Monetta, and Bragg."
What soybean types are best for high yield in Andhra Pradesh?,"The following soybean varieties are suitable for cultivation in Andhra Pradesh: LSb-1, Pratikar (MAUS 61), Pooja (MAUS 2), MACS 450, Pant Soybean 1029, MACS 124, Monetta, and Bragg."
Which soybean cultivars should be used for best results in Andhra Pradesh?,"The following soybean varieties are suitable for cultivation in Andhra Pradesh: LSb-1, Pratikar (MAUS 61), Pooja (MAUS 2), MACS 450, Pant Soybean 1029, MACS 124, Monetta, and Bragg."
What soybean varieties are effective for cultivation in Andhra Pradesh conditions?,"The following soybean varieties are suitable for cultivation in Andhra Pradesh: LSb-1, Pratikar (MAUS 61), Pooja (MAUS 2), MACS 450, Pant Soybean 1029, MACS 124, Monetta, and Bragg."
Which soybean varieties are ideal for successful farming in Andhra Pradesh?,"The following soybean varieties are suitable for cultivation in Andhra Pradesh: LSb-1, Pratikar (MAUS 61), Pooja (MAUS 2), MACS 450, Pant Soybean 1029, MACS 124, Monetta, and Bragg."
Which soybean varieties are best for cultivation in Arunachal Pradesh?,"The following soybean varieties are suitable for cultivation in Andhra Pradesh: Ahilya 1 (NRC 2), JS 80-21, Samrudhi (MAUS 71), Pratap Soya (RAUS 5), Bragg, Indira Soya 9."
What soybean cultivars are ideal for farming in Arunachal Pradesh?,"The following soybean varieties are suitable for cultivation in Andhra Pradesh: Ahilya 1 (NRC 2), JS 80-21, Samrudhi (MAUS 71), Pratap Soya (RAUS 5), Bragg, Indira Soya 9."
Can you recommend soybean varieties for Arunachal Pradesh?,"The following soybean varieties are suitable for cultivation in Andhra Pradesh: Ahilya 1 (NRC 2), JS 80-21, Samrudhi (MAUS 71), Pratap Soya (RAUS 5), Bragg, Indira Soya 9."
What types of soybean are suitable for growing in Arunachal Pradesh?,"The following soybean varieties are suitable for cultivation in Andhra Pradesh: Ahilya 1 (NRC 2), JS 80-21, Samrudhi (MAUS 71), Pratap Soya (RAUS 5), Bragg, Indira Soya 9."
Which soybean varieties are recommended for Arunachal Pradesh climate?,"The following soybean varieties are suitable for cultivation in Andhra Pradesh: Ahilya 1 (NRC 2), JS 80-21, Samrudhi (MAUS 71), Pratap Soya (RAUS 5), Bragg, Indira Soya 9."
What are the best soybean varieties for cultivation in Arunachal Pradesh?,"The following soybean varieties are suitable for cultivation in Andhra Pradesh: Ahilya 1 (NRC 2), JS 80-21, Samrudhi (MAUS 71), Pratap Soya (RAUS 5), Bragg, Indira Soya 9."
Which soybean breeds work well in Arunachal Pradesh?,"The following soybean varieties are suitable for cultivation in Andhra Pradesh: Ahilya 1 (NRC 2), JS 80-21, Samrudhi (MAUS 71), Pratap Soya (RAUS 5), Bragg, Indira Soya 9."
What soybean varieties should be used for farming in Arunachal Pradesh?,"The following soybean varieties are suitable for cultivation in Andhra Pradesh: Ahilya 1 (NRC 2), JS 80-21, Samrudhi (MAUS 71), Pratap Soya (RAUS 5), Bragg, Indira Soya 9."
Which soybean types are effective for cultivation in Arunachal Pradesh?,"The following soybean varieties are suitable for cultivation in Andhra Pradesh: Ahilya 1 (NRC 2), JS 80-21, Samrudhi (MAUS 71), Pratap Soya (RAUS 5), Bragg, Indira Soya 9."
What are the top soybean varieties for farmers in Arunachal Pradesh?,"The following soybean varieties are suitable for cultivation in Andhra Pradesh: Ahilya 1 (NRC 2), JS 80-21, Samrudhi (MAUS 71), Pratap Soya (RAUS 5), Bragg, Indira Soya 9."
Which soybean strains are recommended for Arunachal Pradesh soil and climate?,"The following soybean varieties are suitable for cultivation in Andhra Pradesh: Ahilya 1 (NRC 2), JS 80-21, Samrudhi (MAUS 71), Pratap Soya (RAUS 5), Bragg, Indira Soya 9."
What soybean varieties perform well in Arunachal Pradesh?,"The following soybean varieties are suitable for cultivation in Andhra Pradesh: Ahilya 1 (NRC 2), JS 80-21, Samrudhi (MAUS 71), Pratap Soya (RAUS 5), Bragg, Indira Soya 9."
Can you suggest soybean varieties for successful cultivation in Arunachal Pradesh?,"The following soybean varieties are suitable for cultivation in Andhra Pradesh: Ahilya 1 (NRC 2), JS 80-21, Samrudhi (MAUS 71), Pratap Soya (RAUS 5), Bragg, Indira Soya 9."
Which soybean varieties are well-suited for agriculture in Arunachal Pradesh?,"The following soybean varieties are suitable for cultivation in Andhra Pradesh: Ahilya 1 (NRC 2), JS 80-21, Samrudhi (MAUS 71), Pratap Soya (RAUS 5), Bragg, Indira Soya 9."
What are the best soybean strains for farming in Arunachal Pradesh?,"The following soybean varieties are suitable for cultivation in Andhra Pradesh: Ahilya 1 (NRC 2), JS 80-21, Samrudhi (MAUS 71), Pratap Soya (RAUS 5), Bragg, Indira Soya 9."
Which soybean varieties are suitable for the growing conditions in Arunachal Pradesh?,"The following soybean varieties are suitable for cultivation in Andhra Pradesh: Ahilya 1 (NRC 2), JS 80-21, Samrudhi (MAUS 71), Pratap Soya (RAUS 5), Bragg, Indira Soya 9."
What soybean types are best for high yield in Arunachal Pradesh?,"The following soybean varieties are suitable for cultivation in Andhra Pradesh: Ahilya 1 (NRC 2), JS 80-21, Samrudhi (MAUS 71), Pratap Soya (RAUS 5), Bragg, Indira Soya 9."
Which soybean cultivars should be used for best results in Arunachal Pradesh?,"The following soybean varieties are suitable for cultivation in Andhra Pradesh: Ahilya 1 (NRC 2), JS 80-21, Samrudhi (MAUS 71), Pratap Soya (RAUS 5), Bragg, Indira Soya 9."
What soybean varieties are effective for cultivation in Arunachal Pradesh conditions?,"The following soybean varieties are suitable for cultivation in Andhra Pradesh: Ahilya 1 (NRC 2), JS 80-21, Samrudhi (MAUS 71), Pratap Soya (RAUS 5), Bragg, Indira Soya 9."
Which soybean varieties are ideal for successful farming in Arunachal Pradesh?,"The following soybean varieties are suitable for cultivation in Andhra Pradesh: Ahilya 1 (NRC 2), JS 80-21, Samrudhi (MAUS 71), Pratap Soya (RAUS 5), Bragg, Indira Soya 9."
Which soybean varieties are best for cultivation in Assam?,"The following soybean varieties are suitable for cultivation in Assam: Ahilya 1 (NRC 2), JS 80-21, Samrudhi (MAUS 71), Pratap Soya (RAUS 5), Bragg, Indira Soya 9."
What soybean cultivars are ideal for farming in Assam?,"The following soybean varieties are suitable for cultivation in Assam: Ahilya 1 (NRC 2), JS 80-21, Samrudhi (MAUS 71), Pratap Soya (RAUS 5), Bragg, Indira Soya 9."
Can you recommend soybean varieties for Assam?,"The following soybean varieties are suitable for cultivation in Assam: Ahilya 1 (NRC 2), JS 80-21, Samrudhi (MAUS 71), Pratap Soya (RAUS 5), Bragg, Indira Soya 9."
What types of soybean are suitable for growing in Assam?,"The following soybean varieties are suitable for cultivation in Assam: Ahilya 1 (NRC 2), JS 80-21, Samrudhi (MAUS 71), Pratap Soya (RAUS 5), Bragg, Indira Soya 9."
Which soybean varieties are recommended for Assam climate?,"The following soybean varieties are suitable for cultivation in Assam: Ahilya 1 (NRC 2), JS 80-21, Samrudhi (MAUS 71), Pratap Soya (RAUS 5), Bragg, Indira Soya 9."
What are the best soybean varieties for cultivation in Assam?,"The following soybean varieties are suitable for cultivation in Assam: Ahilya 1 (NRC 2), JS 80-21, Samrudhi (MAUS 71), Pratap Soya (RAUS 5), Bragg, Indira Soya 9."
Which soybean breeds work well in Assam?,"The following soybean varieties are suitable for cultivation in Assam: Ahilya 1 (NRC 2), JS 80-21, Samrudhi (MAUS 71), Pratap Soya (RAUS 5), Bragg, Indira Soya 9."
What soybean varieties should be used for farming in Assam?,"The following soybean varieties are suitable for cultivation in Assam: Ahilya 1 (NRC 2), JS 80-21, Samrudhi (MAUS 71), Pratap Soya (RAUS 5), Bragg, Indira Soya 9."
Which soybean types are effective for cultivation in Assam?,"The following soybean varieties are suitable for cultivation in Assam: Ahilya 1 (NRC 2), JS 80-21, Samrudhi (MAUS 71), Pratap Soya (RAUS 5), Bragg, Indira Soya 9."
What are the top soybean varieties for farmers in Assam?,"The following soybean varieties are suitable for cultivation in Assam: Ahilya 1 (NRC 2), JS 80-21, Samrudhi (MAUS 71), Pratap Soya (RAUS 5), Bragg, Indira Soya 9."
Which soybean strains are recommended for Assam soil and climate?,"The following soybean varieties are suitable for cultivation in Assam: Ahilya 1 (NRC 2), JS 80-21, Samrudhi (MAUS 71), Pratap Soya (RAUS 5), Bragg, Indira Soya 9."
What soybean varieties perform well in Assam?,"The following soybean varieties are suitable for cultivation in Assam: Ahilya 1 (NRC 2), JS 80-21, Samrudhi (MAUS 71), Pratap Soya (RAUS 5), Bragg, Indira Soya 9."
Can you suggest soybean varieties for successful cultivation in Assam?,"The following soybean varieties are suitable for cultivation in Assam: Ahilya 1 (NRC 2), JS 80-21, Samrudhi (MAUS 71), Pratap Soya (RAUS 5), Bragg, Indira Soya 9."
Which soybean varieties are well-suited for agriculture in Assam?,"The following soybean varieties are suitable for cultivation in Assam: Ahilya 1 (NRC 2), JS 80-21, Samrudhi (MAUS 71), Pratap Soya (RAUS 5), Bragg, Indira Soya 9."
What are the best soybean strains for farming in Assam?,"The following soybean varieties are suitable for cultivation in Assam: Ahilya 1 (NRC 2), JS 80-21, Samrudhi (MAUS 71), Pratap Soya (RAUS 5), Bragg, Indira Soya 9."
Which soybean varieties are suitable for the growing conditions in Assam?,"The following soybean varieties are suitable for cultivation in Assam: Ahilya 1 (NRC 2), JS 80-21, Samrudhi (MAUS 71), Pratap Soya (RAUS 5), Bragg, Indira Soya 9."
What soybean types are best for high yield in Assam?,"The following soybean varieties are suitable for cultivation in Assam: Ahilya 1 (NRC 2), JS 80-21, Samrudhi (MAUS 71), Pratap Soya (RAUS 5), Bragg, Indira Soya 9."
Which soybean cultivars should be used for best results in Assam?,"The following soybean varieties are suitable for cultivation in Assam: Ahilya 1 (NRC 2), JS 80-21, Samrudhi (MAUS 71), Pratap Soya (RAUS 5), Bragg, Indira Soya 9."
What soybean varieties are effective for cultivation in Assam conditions?,"The following soybean varieties are suitable for cultivation in Assam: Ahilya 1 (NRC 2), JS 80-21, Samrudhi (MAUS 71), Pratap Soya (RAUS 5), Bragg, Indira Soya 9."
Which soybean varieties are ideal for successful farming in Assam?,"The following soybean varieties are suitable for cultivation in Assam: Ahilya 1 (NRC 2), JS 80-21, Samrudhi (MAUS 71), Pratap Soya (RAUS 5), Bragg, Indira Soya 9."
Which soybean varieties are best for cultivation in Bihar?,"The following soybean varieties are suitable for cultivation in Bihar: PK 416, Pusa 16, Pusa, 24, Pant Soybean 564, Pant Soybean 1024, Pant Soybean 1042, Bragg and SL 525."
What soybean cultivars are ideal for farming in Bihar?,"The following soybean varieties are suitable for cultivation in Bihar: PK 416, Pusa 16, Pusa, 24, Pant Soybean 564, Pant Soybean 1024, Pant Soybean 1042, Bragg and SL 525."
Can you recommend soybean varieties for Bihar?,"The following soybean varieties are suitable for cultivation in Bihar: PK 416, Pusa 16, Pusa, 24, Pant Soybean 564, Pant Soybean 1024, Pant Soybean 1042, Bragg and SL 525."
What types of soybean are suitable for growing in Bihar?,"The following soybean varieties are suitable for cultivation in Bihar: PK 416, Pusa 16, Pusa, 24, Pant Soybean 564, Pant Soybean 1024, Pant Soybean 1042, Bragg and SL 525."
Which soybean varieties are recommended for Bihar climate?,"The following soybean varieties are suitable for cultivation in Bihar: PK 416, Pusa 16, Pusa, 24, Pant Soybean 564, Pant Soybean 1024, Pant Soybean 1042, Bragg and SL 525."
What are the best soybean varieties for cultivation in Bihar?,"The following soybean varieties are suitable for cultivation in Bihar: PK 416, Pusa 16, Pusa, 24, Pant Soybean 564, Pant Soybean 1024, Pant Soybean 1042, Bragg and SL 525."
Which soybean breeds work well in Bihar?,"The following soybean varieties are suitable for cultivation in Bihar: PK 416, Pusa 16, Pusa, 24, Pant Soybean 564, Pant Soybean 1024, Pant Soybean 1042, Bragg and SL 525."
What soybean varieties should be used for farming in Bihar?,"The following soybean varieties are suitable for cultivation in Bihar: PK 416, Pusa 16, Pusa, 24, Pant Soybean 564, Pant Soybean 1024, Pant Soybean 1042, Bragg and SL 525."
Which soybean types are effective for cultivation in Bihar?,"The following soybean varieties are suitable for cultivation in Bihar: PK 416, Pusa 16, Pusa, 24, Pant Soybean 564, Pant Soybean 1024, Pant Soybean 1042, Bragg and SL 525."
What are the top soybean varieties for farmers in Bihar?,"The following soybean varieties are suitable for cultivation in Bihar: PK 416, Pusa 16, Pusa, 24, Pant Soybean 564, Pant Soybean 1024, Pant Soybean 1042, Bragg and SL 525."
Which soybean strains are recommended for Bihar soil and climate?,"The following soybean varieties are suitable for cultivation in Bihar: PK 416, Pusa 16, Pusa, 24, Pant Soybean 564, Pant Soybean 1024, Pant Soybean 1042, Bragg and SL 525."
What soybean varieties perform well in Bihar?,"The following soybean varieties are suitable for cultivation in Bihar: PK 416, Pusa 16, Pusa, 24, Pant Soybean 564, Pant Soybean 1024, Pant Soybean 1042, Bragg and SL 525."
Can you suggest soybean varieties for successful cultivation in Bihar?,"The following soybean varieties are suitable for cultivation in Bihar: PK 416, Pusa 16, Pusa, 24, Pant Soybean 564, Pant Soybean 1024, Pant Soybean 1042, Bragg and SL 525."
Which soybean varieties are well-suited for agriculture in Bihar?,"The following soybean varieties are suitable for cultivation in Bihar: PK 416, Pusa 16, Pusa, 24, Pant Soybean 564, Pant Soybean 1024, Pant Soybean 1042, Bragg and SL 525."
What are the best soybean strains for farming in Bihar?,"The following soybean varieties are suitable for cultivation in Bihar: PK 416, Pusa 16, Pusa, 24, Pant Soybean 564, Pant Soybean 1024, Pant Soybean 1042, Bragg and SL 525."
Which soybean varieties are suitable for the growing conditions in Bihar?,"The following soybean varieties are suitable for cultivation in Bihar: PK 416, Pusa 16, Pusa, 24, Pant Soybean 564, Pant Soybean 1024, Pant Soybean 1042, Bragg and SL 525."
What soybean types are best for high yield in Bihar?,"The following soybean varieties are suitable for cultivation in Bihar: PK 416, Pusa 16, Pusa, 24, Pant Soybean 564, Pant Soybean 1024, Pant Soybean 1042, Bragg and SL 525."
Which soybean cultivars should be used for best results in Bihar?,"The following soybean varieties are suitable for cultivation in Bihar: PK 416, Pusa 16, Pusa, 24, Pant Soybean 564, Pant Soybean 1024, Pant Soybean 1042, Bragg and SL 525."
What soybean varieties are effective for cultivation in Bihar conditions?,"The following soybean varieties are suitable for cultivation in Bihar: PK 416, Pusa 16, Pusa, 24, Pant Soybean 564, Pant Soybean 1024, Pant Soybean 1042, Bragg and SL 525."
Which soybean varieties are ideal for successful farming in Bihar?,"The following soybean varieties are suitable for cultivation in Bihar: PK 416, Pusa 16, Pusa, 24, Pant Soybean 564, Pant Soybean 1024, Pant Soybean 1042, Bragg and SL 525."
Which soybean varieties are best for cultivation in Chhattisgarh?,"The following soybean varieties are suitable for cultivation in Chhattisgarh: Ahilya 1 (NRC 2), Ahilya 3 (NRC 7), Ahilya 2 (NRC 12), Ahilya 4 (NRC 37), JS 71-05, JS 335, JS 80-21, JS 75-46, MACS 58, JS 9041, Indira Soya 9, JS 93-05, Kalitur, Parbhani Sona (MACS 47), Pratishta (MAUS 61-2), Monetta, Punjab-1, PK 472, Shakti (MAUS 81), Samrudhi (MAUS 71) and Pratap Soya (RAUS 5)."
What soybean cultivars are ideal for farming in Chhattisgarh?,"The following soybean varieties are suitable for cultivation in Chhattisgarh: Ahilya 1 (NRC 2), Ahilya 3 (NRC 7), Ahilya 2 (NRC 12), Ahilya 4 (NRC 37), JS 71-05, JS 335, JS 80-21, JS 75-46, MACS 58, JS 9041, Indira Soya 9, JS 93-05, Kalitur, Parbhani Sona (MACS 47), Pratishta (MAUS 61-2), Monetta, Punjab-1, PK 472, Shakti (MAUS 81), Samrudhi (MAUS 71) and Pratap Soya (RAUS 5)."
Can you recommend soybean varieties for Chhattisgarh?,"The following soybean varieties are suitable for cultivation in Chhattisgarh: Ahilya 1 (NRC 2), Ahilya 3 (NRC 7), Ahilya 2 (NRC 12), Ahilya 4 (NRC 37), JS 71-05, JS 335, JS 80-21, JS 75-46, MACS 58, JS 9041, Indira Soya 9, JS 93-05, Kalitur, Parbhani Sona (MACS 47), Pratishta (MAUS 61-2), Monetta, Punjab-1, PK 472, Shakti (MAUS 81), Samrudhi (MAUS 71) and Pratap Soya (RAUS 5)."
What types of soybean are suitable for growing in Chhattisgarh?,"The following soybean varieties are suitable for cultivation in Chhattisgarh: Ahilya 1 (NRC 2), Ahilya 3 (NRC 7), Ahilya 2 (NRC 12), Ahilya 4 (NRC 37), JS 71-05, JS 335, JS 80-21, JS 75-46, MACS 58, JS 9041, Indira Soya 9, JS 93-05, Kalitur, Parbhani Sona (MACS 47), Pratishta (MAUS 61-2), Monetta, Punjab-1, PK 472, Shakti (MAUS 81), Samrudhi (MAUS 71) and Pratap Soya (RAUS 5)."
Which soybean varieties are recommended for Chhattisgarh climate?,"The following soybean varieties are suitable for cultivation in Chhattisgarh: Ahilya 1 (NRC 2), Ahilya 3 (NRC 7), Ahilya 2 (NRC 12), Ahilya 4 (NRC 37), JS 71-05, JS 335, JS 80-21, JS 75-46, MACS 58, JS 9041, Indira Soya 9, JS 93-05, Kalitur, Parbhani Sona (MACS 47), Pratishta (MAUS 61-2), Monetta, Punjab-1, PK 472, Shakti (MAUS 81), Samrudhi (MAUS 71) and Pratap Soya (RAUS 5)."
What are the best soybean varieties for cultivation in Chhattisgarh?,"The following soybean varieties are suitable for cultivation in Chhattisgarh: Ahilya 1 (NRC 2), Ahilya 3 (NRC 7), Ahilya 2 (NRC 12), Ahilya 4 (NRC 37), JS 71-05, JS 335, JS 80-21, JS 75-46, MACS 58, JS 9041, Indira Soya 9, JS 93-05, Kalitur, Parbhani Sona (MACS 47), Pratishta (MAUS 61-2), Monetta, Punjab-1, PK 472, Shakti (MAUS 81), Samrudhi (MAUS 71) and Pratap Soya (RAUS 5)."
Which soybean breeds work well in Chhattisgarh?,"The following soybean varieties are suitable for cultivation in Chhattisgarh: Ahilya 1 (NRC 2), Ahilya 3 (NRC 7), Ahilya 2 (NRC 12), Ahilya 4 (NRC 37), JS 71-05, JS 335, JS 80-21, JS 75-46, MACS 58, JS 9041, Indira Soya 9, JS 93-05, Kalitur, Parbhani Sona (MACS 47), Pratishta (MAUS 61-2), Monetta, Punjab-1, PK 472, Shakti (MAUS 81), Samrudhi (MAUS 71) and Pratap Soya (RAUS 5)."
What soybean varieties should be used for farming in Chhattisgarh?,"The following soybean varieties are suitable for cultivation in Chhattisgarh: Ahilya 1 (NRC 2), Ahilya 3 (NRC 7), Ahilya 2 (NRC 12), Ahilya 4 (NRC 37), JS 71-05, JS 335, JS 80-21, JS 75-46, MACS 58, JS 9041, Indira Soya 9, JS 93-05, Kalitur, Parbhani Sona (MACS 47), Pratishta (MAUS 61-2), Monetta, Punjab-1, PK 472, Shakti (MAUS 81), Samrudhi (MAUS 71) and Pratap Soya (RAUS 5)."
Which soybean types are effective for cultivation in Chhattisgarh?,"The following soybean varieties are suitable for cultivation in Chhattisgarh: Ahilya 1 (NRC 2), Ahilya 3 (NRC 7), Ahilya 2 (NRC 12), Ahilya 4 (NRC 37), JS 71-05, JS 335, JS 80-21, JS 75-46, MACS 58, JS 9041, Indira Soya 9, JS 93-05, Kalitur, Parbhani Sona (MACS 47), Pratishta (MAUS 61-2), Monetta, Punjab-1, PK 472, Shakti (MAUS 81), Samrudhi (MAUS 71) and Pratap Soya (RAUS 5)."
What are the top soybean varieties for farmers in Chhattisgarh?,"The following soybean varieties are suitable for cultivation in Chhattisgarh: Ahilya 1 (NRC 2), Ahilya 3 (NRC 7), Ahilya 2 (NRC 12), Ahilya 4 (NRC 37), JS 71-05, JS 335, JS 80-21, JS 75-46, MACS 58, JS 9041, Indira Soya 9, JS 93-05, Kalitur, Parbhani Sona (MACS 47), Pratishta (MAUS 61-2), Monetta, Punjab-1, PK 472, Shakti (MAUS 81), Samrudhi (MAUS 71) and Pratap Soya (RAUS 5)."
Which soybean strains are recommended for Chhattisgarh soil and climate?,"The following soybean varieties are suitable for cultivation in Chhattisgarh: Ahilya 1 (NRC 2), Ahilya 3 (NRC 7), Ahilya 2 (NRC 12), Ahilya 4 (NRC 37), JS 71-05, JS 335, JS 80-21, JS 75-46, MACS 58, JS 9041, Indira Soya 9, JS 93-05, Kalitur, Parbhani Sona (MACS 47), Pratishta (MAUS 61-2), Monetta, Punjab-1, PK 472, Shakti (MAUS 81), Samrudhi (MAUS 71) and Pratap Soya (RAUS 5)."
What soybean varieties perform well in Chhattisgarh?,"The following soybean varieties are suitable for cultivation in Chhattisgarh: Ahilya 1 (NRC 2), Ahilya 3 (NRC 7), Ahilya 2 (NRC 12), Ahilya 4 (NRC 37), JS 71-05, JS 335, JS 80-21, JS 75-46, MACS 58, JS 9041, Indira Soya 9, JS 93-05, Kalitur, Parbhani Sona (MACS 47), Pratishta (MAUS 61-2), Monetta, Punjab-1, PK 472, Shakti (MAUS 81), Samrudhi (MAUS 71) and Pratap Soya (RAUS 5)."
Can you suggest soybean varieties for successful cultivation in Chhattisgarh?,"The following soybean varieties are suitable for cultivation in Chhattisgarh: Ahilya 1 (NRC 2), Ahilya 3 (NRC 7), Ahilya 2 (NRC 12), Ahilya 4 (NRC 37), JS 71-05, JS 335, JS 80-21, JS 75-46, MACS 58, JS 9041, Indira Soya 9, JS 93-05, Kalitur, Parbhani Sona (MACS 47), Pratishta (MAUS 61-2), Monetta, Punjab-1, PK 472, Shakti (MAUS 81), Samrudhi (MAUS 71) and Pratap Soya (RAUS 5)."
Which soybean varieties are well-suited for agriculture in Chhattisgarh?,"The following soybean varieties are suitable for cultivation in Chhattisgarh: Ahilya 1 (NRC 2), Ahilya 3 (NRC 7), Ahilya 2 (NRC 12), Ahilya 4 (NRC 37), JS 71-05, JS 335, JS 80-21, JS 75-46, MACS 58, JS 9041, Indira Soya 9, JS 93-05, Kalitur, Parbhani Sona (MACS 47), Pratishta (MAUS 61-2), Monetta, Punjab-1, PK 472, Shakti (MAUS 81), Samrudhi (MAUS 71) and Pratap Soya (RAUS 5)."
What are the best soybean strains for farming in Chhattisgarh?
Which soybean varieties are suitable for the growing conditions in Chhattisgarh?,"The following soybean varieties are suitable for cultivation in Chhattisgarh: Ahilya 1 (NRC 2), Ahilya 3 (NRC 7), Ahilya 2 (NRC 12), Ahilya 4 (NRC 37), JS 71-05, JS 335, JS 80-21, JS 75-46, MACS 58, JS 9041, Indira Soya 9, JS 93-05, Kalitur, Parbhani Sona (MACS 47), Pratishta (MAUS 61-2), Monetta, Punjab-1, PK 472, Shakti (MAUS 81), Samrudhi (MAUS 71) and Pratap Soya (RAUS 5)."
What soybean types are best for high yield in Chhattisgarh?,"The following soybean varieties are suitable for cultivation in Chhattisgarh: Ahilya 1 (NRC 2), Ahilya 3 (NRC 7), Ahilya 2 (NRC 12), Ahilya 4 (NRC 37), JS 71-05, JS 335, JS 80-21, JS 75-46, MACS 58, JS 9041, Indira Soya 9, JS 93-05, Kalitur, Parbhani Sona (MACS 47), Pratishta (MAUS 61-2), Monetta, Punjab-1, PK 472, Shakti (MAUS 81), Samrudhi (MAUS 71) and Pratap Soya (RAUS 5)."
Which soybean cultivars should be used for best results in Chhattisgarh?,"The following soybean varieties are suitable for cultivation in Chhattisgarh: Ahilya 1 (NRC 2), Ahilya 3 (NRC 7), Ahilya 2 (NRC 12), Ahilya 4 (NRC 37), JS 71-05, JS 335, JS 80-21, JS 75-46, MACS 58, JS 9041, Indira Soya 9, JS 93-05, Kalitur, Parbhani Sona (MACS 47), Pratishta (MAUS 61-2), Monetta, Punjab-1, PK 472, Shakti (MAUS 81), Samrudhi (MAUS 71) and Pratap Soya (RAUS 5)."
What soybean varieties are effective for cultivation in Chhattisgarh conditions?,"The following soybean varieties are suitable for cultivation in Chhattisgarh: Ahilya 1 (NRC 2), Ahilya 3 (NRC 7), Ahilya 2 (NRC 12), Ahilya 4 (NRC 37), JS 71-05, JS 335, JS 80-21, JS 75-46, MACS 58, JS 9041, Indira Soya 9, JS 93-05, Kalitur, Parbhani Sona (MACS 47), Pratishta (MAUS 61-2), Monetta, Punjab-1, PK 472, Shakti (MAUS 81), Samrudhi (MAUS 71) and Pratap Soya (RAUS 5)."
Which soybean varieties are ideal for successful farming in Chhattisgarh?,"The following soybean varieties are suitable for cultivation in Chhattisgarh: Ahilya 1 (NRC 2), Ahilya 3 (NRC 7), Ahilya 2 (NRC 12), Ahilya 4 (NRC 37), JS 71-05, JS 335, JS 80-21, JS 75-46, MACS 58, JS 9041, Indira Soya 9, JS 93-05, Kalitur, Parbhani Sona (MACS 47), Pratishta (MAUS 61-2), Monetta, Punjab-1, PK 472, Shakti (MAUS 81), Samrudhi (MAUS 71) and Pratap Soya (RAUS 5)."
Which soybean varieties are best for cultivation in Delhi?,"The following soybean varieties are suitable for cultivation in Delhi: PK 416, Pusa 9712, Pant Soybean 564, Pant Soybean 1024, Pant Soybean 1042, Bragg and SL 525"
What soybean cultivars are ideal for farming in Delhi?,"The following soybean varieties are suitable for cultivation in Delhi: PK 416, Pusa 9712, Pant Soybean 564, Pant Soybean 1024, Pant Soybean 1042, Bragg and SL 525"
Can you recommend soybean varieties for Delhi?,"The following soybean varieties are suitable for cultivation in Delhi: PK 416, Pusa 9712, Pant Soybean 564, Pant Soybean 1024, Pant Soybean 1042, Bragg and SL 525"
What types of soybean are suitable for growing in Delhi?,"The following soybean varieties are suitable for cultivation in Delhi: PK 416, Pusa 9712, Pant Soybean 564, Pant Soybean 1024, Pant Soybean 1042, Bragg and SL 525"
Which soybean varieties are recommended for Delhi climate?,"The following soybean varieties are suitable for cultivation in Delhi: PK 416, Pusa 9712, Pant Soybean 564, Pant Soybean 1024, Pant Soybean 1042, Bragg and SL 525"
What are the best soybean varieties for cultivation in Delhi?,"The following soybean varieties are suitable for cultivation in Delhi: PK 416, Pusa 9712, Pant Soybean 564, Pant Soybean 1024, Pant Soybean 1042, Bragg and SL 525"
Which soybean breeds work well in Delhi?,"The following soybean varieties are suitable for cultivation in Delhi: PK 416, Pusa 9712, Pant Soybean 564, Pant Soybean 1024, Pant Soybean 1042, Bragg and SL 525"
What soybean varieties should be used for farming in Delhi?,"The following soybean varieties are suitable for cultivation in Delhi: PK 416, Pusa 9712, Pant Soybean 564, Pant Soybean 1024, Pant Soybean 1042, Bragg and SL 525"
Which soybean types are effective for cultivation in Delhi?,"The following soybean varieties are suitable for cultivation in Delhi: PK 416, Pusa 9712, Pant Soybean 564, Pant Soybean 1024, Pant Soybean 1042, Bragg and SL 525"
What are the top soybean varieties for farmers in Delhi?,"The following soybean varieties are suitable for cultivation in Delhi: PK 416, Pusa 9712, Pant Soybean 564, Pant Soybean 1024, Pant Soybean 1042, Bragg and SL 525"
Which soybean strains are recommended for Delhi soil and climate?,"The following soybean varieties are suitable for cultivation in Delhi: PK 416, Pusa 9712, Pant Soybean 564, Pant Soybean 1024, Pant Soybean 1042, Bragg and SL 525"
What soybean varieties perform well in Delhi?,"The following soybean varieties are suitable for cultivation in Delhi: PK 416, Pusa 9712, Pant Soybean 564, Pant Soybean 1024, Pant Soybean 1042, Bragg and SL 525"
Can you suggest soybean varieties for successful cultivation in Delhi?,"The following soybean varieties are suitable for cultivation in Delhi: PK 416, Pusa 9712, Pant Soybean 564, Pant Soybean 1024, Pant Soybean 1042, Bragg and SL 525"
Which soybean varieties are well-suited for agriculture in Delhi?,"The following soybean varieties are suitable for cultivation in Delhi: PK 416, Pusa 9712, Pant Soybean 564, Pant Soybean 1024, Pant Soybean 1042, Bragg and SL 525"
What are the best soybean strains for farming in Delhi?,"The following soybean varieties are suitable for cultivation in Delhi: PK 416, Pusa 9712, Pant Soybean 564, Pant Soybean 1024, Pant Soybean 1042, Bragg and SL 525"
Which soybean varieties are suitable for the growing conditions in Delhi?,"The following soybean varieties are suitable for cultivation in Delhi: PK 416, Pusa 9712, Pant Soybean 564, Pant Soybean 1024, Pant Soybean 1042, Bragg and SL 525"
What soybean types are best for high yield in Delhi?,"The following soybean varieties are suitable for cultivation in Delhi: PK 416, Pusa 9712, Pant Soybean 564, Pant Soybean 1024, Pant Soybean 1042, Bragg and SL 525"
Which soybean cultivars should be used for best results in Delhi?,"The following soybean varieties are suitable for cultivation in Delhi: PK 416, Pusa 9712, Pant Soybean 564, Pant Soybean 1024, Pant Soybean 1042, Bragg and SL 525"
What soybean varieties are effective for cultivation in Delhi conditions?,"The following soybean varieties are suitable for cultivation in Delhi: PK 416, Pusa 9712, Pant Soybean 564, Pant Soybean 1024, Pant Soybean 1042, Bragg and SL 525"
Which soybean varieties are ideal for successful farming in Delhi?,"The following soybean varieties are suitable for cultivation in Delhi: PK 416, Pusa 9712, Pant Soybean 564, Pant Soybean 1024, Pant Soybean 1042, Bragg and SL 525"